﻿<?xml version="1.0" encoding="utf-8"?>
<abapGit version="v1.0.0" serializer="LCL_OBJECT_MSAG" serializer_version="v1.0.0">
 <asx:abap xmlns:asx="http://www.sap.com/abapxml" version="1.0">
  <asx:values>
   <T100A>
    <ARBGB>ZABAP2XLSX</ARBGB>
    <MASTERLANG>1</MASTERLANG>
    <STEXT>Messages for ABAP2XLSX</STEXT>
   </T100A>
   <I18N_LANGS>
    <LANGU>1</LANGU>
   </I18N_LANGS>
   <T100T>
    <T100T>
     <SPRSL>1</SPRSL>
     <ARBGB>ZABAP2XLSX</ARBGB>
     <STEXT>Messages for ABAP2XLSX</STEXT>
    </T100T>
   </T100T>
  </asx:values>
 </asx:abap>
</abapGit>
