﻿<?xml version="1.0" encoding="utf-8"?>
<abapGit version="v1.0.0" serializer="LCL_OBJECT_CLAS" serializer_version="v1.0.0">
 <asx:abap xmlns:asx="http://www.sap.com/abapxml" version="1.0">
  <asx:values>
   <VSEOCLASS>
    <CLSNAME>ZCL_EXCEL_DRAWINGS</CLSNAME>
    <LANGU>E</LANGU>
    <DESCRIPT>Drawings collection</DESCRIPT>
    <STATE>1</STATE>
    <CLSCCINCL>X</CLSCCINCL>
    <FIXPT>X</FIXPT>
    <UNICODE>X</UNICODE>
   </VSEOCLASS>
   <DESCRIPTIONS>
    <SEOCOMPOTX>
     <CLSNAME>ZCL_EXCEL_DRAWINGS</CLSNAME>
     <CMPNAME>ADD</CMPNAME>
     <LANGU>E</LANGU>
     <DESCRIPT>Adds an Element to the Collection</DESCRIPT>
    </SEOCOMPOTX>
    <SEOCOMPOTX>
     <CLSNAME>ZCL_EXCEL_DRAWINGS</CLSNAME>
     <CMPNAME>CLEAR</CMPNAME>
     <LANGU>E</LANGU>
     <DESCRIPT>Initializes the Collection</DESCRIPT>
    </SEOCOMPOTX>
    <SEOCOMPOTX>
     <CLSNAME>ZCL_EXCEL_DRAWINGS</CLSNAME>
     <CMPNAME>CONSTRUCTOR</CMPNAME>
     <LANGU>E</LANGU>
     <DESCRIPT>CONSTRUCTOR</DESCRIPT>
    </SEOCOMPOTX>
    <SEOCOMPOTX>
     <CLSNAME>ZCL_EXCEL_DRAWINGS</CLSNAME>
     <CMPNAME>GET</CMPNAME>
     <LANGU>E</LANGU>
     <DESCRIPT>Gets Element</DESCRIPT>
    </SEOCOMPOTX>
    <SEOCOMPOTX>
     <CLSNAME>ZCL_EXCEL_DRAWINGS</CLSNAME>
     <CMPNAME>GET_ITERATOR</CMPNAME>
     <LANGU>E</LANGU>
     <DESCRIPT>Returns an iterator</DESCRIPT>
    </SEOCOMPOTX>
    <SEOCOMPOTX>
     <CLSNAME>ZCL_EXCEL_DRAWINGS</CLSNAME>
     <CMPNAME>GET_TYPE</CMPNAME>
     <LANGU>E</LANGU>
     <DESCRIPT>Get drawing type for collection</DESCRIPT>
    </SEOCOMPOTX>
    <SEOCOMPOTX>
     <CLSNAME>ZCL_EXCEL_DRAWINGS</CLSNAME>
     <CMPNAME>INCLUDE</CMPNAME>
     <LANGU>E</LANGU>
     <DESCRIPT>Adds an Element to the Collection</DESCRIPT>
    </SEOCOMPOTX>
    <SEOCOMPOTX>
     <CLSNAME>ZCL_EXCEL_DRAWINGS</CLSNAME>
     <CMPNAME>IS_EMPTY</CMPNAME>
     <LANGU>E</LANGU>
     <DESCRIPT>Checks whether elements are contained</DESCRIPT>
    </SEOCOMPOTX>
    <SEOCOMPOTX>
     <CLSNAME>ZCL_EXCEL_DRAWINGS</CLSNAME>
     <CMPNAME>REMOVE</CMPNAME>
     <LANGU>E</LANGU>
     <DESCRIPT>Deletes an Element from the Collection</DESCRIPT>
    </SEOCOMPOTX>
    <SEOCOMPOTX>
     <CLSNAME>ZCL_EXCEL_DRAWINGS</CLSNAME>
     <CMPNAME>SIZE</CMPNAME>
     <LANGU>E</LANGU>
     <DESCRIPT>Specifies number of contained elements</DESCRIPT>
    </SEOCOMPOTX>
    <SEOCOMPOTX>
     <CLSNAME>ZCL_EXCEL_DRAWINGS</CLSNAME>
     <CMPNAME>TYPE</CMPNAME>
     <LANGU>E</LANGU>
     <DESCRIPT>Excel Drawing type</DESCRIPT>
    </SEOCOMPOTX>
   </DESCRIPTIONS>
  </asx:values>
 </asx:abap>
</abapGit>
