﻿<?xml version="1.0" encoding="utf-8"?>
<abapGit version="v1.0.0" serializer="LCL_OBJECT_CLAS" serializer_version="v1.0.0">
 <asx:abap xmlns:asx="http://www.sap.com/abapxml" version="1.0">
  <asx:values>
   <VSEOCLASS>
    <CLSNAME>ZCL_EXCEL_STYLE_FILL</CLSNAME>
    <LANGU>E</LANGU>
    <DESCRIPT>Fill Style</DESCRIPT>
    <STATE>1</STATE>
    <CLSCCINCL>X</CLSCCINCL>
    <FIXPT>X</FIXPT>
    <UNICODE>X</UNICODE>
   </VSEOCLASS>
   <DESCRIPTIONS>
    <SEOCOMPOTX>
     <CLSNAME>ZCL_EXCEL_STYLE_FILL</CLSNAME>
     <CMPNAME>BGCOLOR</CMPNAME>
     <LANGU>E</LANGU>
     <DESCRIPT>Color</DESCRIPT>
    </SEOCOMPOTX>
    <SEOCOMPOTX>
     <CLSNAME>ZCL_EXCEL_STYLE_FILL</CLSNAME>
     <CMPNAME>CONSTRUCTOR</CMPNAME>
     <LANGU>E</LANGU>
     <DESCRIPT>CONSTRUCTOR</DESCRIPT>
    </SEOCOMPOTX>
    <SEOCOMPOTX>
     <CLSNAME>ZCL_EXCEL_STYLE_FILL</CLSNAME>
     <CMPNAME>C_FILL_GRADIENT_LINEAR</CMPNAME>
     <LANGU>E</LANGU>
     <DESCRIPT>Fill Type</DESCRIPT>
    </SEOCOMPOTX>
    <SEOCOMPOTX>
     <CLSNAME>ZCL_EXCEL_STYLE_FILL</CLSNAME>
     <CMPNAME>C_FILL_GRADIENT_PATH</CMPNAME>
     <LANGU>E</LANGU>
     <DESCRIPT>Fill Type</DESCRIPT>
    </SEOCOMPOTX>
    <SEOCOMPOTX>
     <CLSNAME>ZCL_EXCEL_STYLE_FILL</CLSNAME>
     <CMPNAME>C_FILL_NONE</CMPNAME>
     <LANGU>E</LANGU>
     <DESCRIPT>Fill Type</DESCRIPT>
    </SEOCOMPOTX>
    <SEOCOMPOTX>
     <CLSNAME>ZCL_EXCEL_STYLE_FILL</CLSNAME>
     <CMPNAME>C_FILL_PATTERN_DARKDOWN</CMPNAME>
     <LANGU>E</LANGU>
     <DESCRIPT>Fill Type</DESCRIPT>
    </SEOCOMPOTX>
    <SEOCOMPOTX>
     <CLSNAME>ZCL_EXCEL_STYLE_FILL</CLSNAME>
     <CMPNAME>C_FILL_PATTERN_DARKGRAY</CMPNAME>
     <LANGU>E</LANGU>
     <DESCRIPT>Fill Type</DESCRIPT>
    </SEOCOMPOTX>
    <SEOCOMPOTX>
     <CLSNAME>ZCL_EXCEL_STYLE_FILL</CLSNAME>
     <CMPNAME>C_FILL_PATTERN_DARKGRID</CMPNAME>
     <LANGU>E</LANGU>
     <DESCRIPT>Fill Type</DESCRIPT>
    </SEOCOMPOTX>
    <SEOCOMPOTX>
     <CLSNAME>ZCL_EXCEL_STYLE_FILL</CLSNAME>
     <CMPNAME>C_FILL_PATTERN_DARKHORIZONTAL</CMPNAME>
     <LANGU>E</LANGU>
     <DESCRIPT>Fill Type</DESCRIPT>
    </SEOCOMPOTX>
    <SEOCOMPOTX>
     <CLSNAME>ZCL_EXCEL_STYLE_FILL</CLSNAME>
     <CMPNAME>C_FILL_PATTERN_DARKTRELLIS</CMPNAME>
     <LANGU>E</LANGU>
     <DESCRIPT>Fill Type</DESCRIPT>
    </SEOCOMPOTX>
    <SEOCOMPOTX>
     <CLSNAME>ZCL_EXCEL_STYLE_FILL</CLSNAME>
     <CMPNAME>C_FILL_PATTERN_DARKUP</CMPNAME>
     <LANGU>E</LANGU>
     <DESCRIPT>Fill Type</DESCRIPT>
    </SEOCOMPOTX>
    <SEOCOMPOTX>
     <CLSNAME>ZCL_EXCEL_STYLE_FILL</CLSNAME>
     <CMPNAME>C_FILL_PATTERN_DARKVERTICAL</CMPNAME>
     <LANGU>E</LANGU>
     <DESCRIPT>Fill Type</DESCRIPT>
    </SEOCOMPOTX>
    <SEOCOMPOTX>
     <CLSNAME>ZCL_EXCEL_STYLE_FILL</CLSNAME>
     <CMPNAME>C_FILL_PATTERN_GRAY0625</CMPNAME>
     <LANGU>E</LANGU>
     <DESCRIPT>Fill Type</DESCRIPT>
    </SEOCOMPOTX>
    <SEOCOMPOTX>
     <CLSNAME>ZCL_EXCEL_STYLE_FILL</CLSNAME>
     <CMPNAME>C_FILL_PATTERN_GRAY125</CMPNAME>
     <LANGU>E</LANGU>
     <DESCRIPT>Fill Type</DESCRIPT>
    </SEOCOMPOTX>
    <SEOCOMPOTX>
     <CLSNAME>ZCL_EXCEL_STYLE_FILL</CLSNAME>
     <CMPNAME>C_FILL_PATTERN_LIGHTDOWN</CMPNAME>
     <LANGU>E</LANGU>
     <DESCRIPT>Fill Type</DESCRIPT>
    </SEOCOMPOTX>
    <SEOCOMPOTX>
     <CLSNAME>ZCL_EXCEL_STYLE_FILL</CLSNAME>
     <CMPNAME>C_FILL_PATTERN_LIGHTGRAY</CMPNAME>
     <LANGU>E</LANGU>
     <DESCRIPT>Fill Type</DESCRIPT>
    </SEOCOMPOTX>
    <SEOCOMPOTX>
     <CLSNAME>ZCL_EXCEL_STYLE_FILL</CLSNAME>
     <CMPNAME>C_FILL_PATTERN_LIGHTGRID</CMPNAME>
     <LANGU>E</LANGU>
     <DESCRIPT>Fill Type</DESCRIPT>
    </SEOCOMPOTX>
    <SEOCOMPOTX>
     <CLSNAME>ZCL_EXCEL_STYLE_FILL</CLSNAME>
     <CMPNAME>C_FILL_PATTERN_LIGHTHORIZONTAL</CMPNAME>
     <LANGU>E</LANGU>
     <DESCRIPT>Fill Type</DESCRIPT>
    </SEOCOMPOTX>
    <SEOCOMPOTX>
     <CLSNAME>ZCL_EXCEL_STYLE_FILL</CLSNAME>
     <CMPNAME>C_FILL_PATTERN_LIGHTTRELLIS</CMPNAME>
     <LANGU>E</LANGU>
     <DESCRIPT>Fill Type</DESCRIPT>
    </SEOCOMPOTX>
    <SEOCOMPOTX>
     <CLSNAME>ZCL_EXCEL_STYLE_FILL</CLSNAME>
     <CMPNAME>C_FILL_PATTERN_LIGHTUP</CMPNAME>
     <LANGU>E</LANGU>
     <DESCRIPT>Fill Type</DESCRIPT>
    </SEOCOMPOTX>
    <SEOCOMPOTX>
     <CLSNAME>ZCL_EXCEL_STYLE_FILL</CLSNAME>
     <CMPNAME>C_FILL_PATTERN_LIGHTVERTICAL</CMPNAME>
     <LANGU>E</LANGU>
     <DESCRIPT>Fill Type</DESCRIPT>
    </SEOCOMPOTX>
    <SEOCOMPOTX>
     <CLSNAME>ZCL_EXCEL_STYLE_FILL</CLSNAME>
     <CMPNAME>C_FILL_PATTERN_MEDIUMGRAY</CMPNAME>
     <LANGU>E</LANGU>
     <DESCRIPT>Fill Type</DESCRIPT>
    </SEOCOMPOTX>
    <SEOCOMPOTX>
     <CLSNAME>ZCL_EXCEL_STYLE_FILL</CLSNAME>
     <CMPNAME>C_FILL_SOLID</CMPNAME>
     <LANGU>E</LANGU>
     <DESCRIPT>Fill Type</DESCRIPT>
    </SEOCOMPOTX>
    <SEOCOMPOTX>
     <CLSNAME>ZCL_EXCEL_STYLE_FILL</CLSNAME>
     <CMPNAME>FGCOLOR</CMPNAME>
     <LANGU>E</LANGU>
     <DESCRIPT>Color</DESCRIPT>
    </SEOCOMPOTX>
    <SEOCOMPOTX>
     <CLSNAME>ZCL_EXCEL_STYLE_FILL</CLSNAME>
     <CMPNAME>FILLTYPE</CMPNAME>
     <LANGU>E</LANGU>
     <DESCRIPT>Fill Type</DESCRIPT>
    </SEOCOMPOTX>
    <SEOCOMPOTX>
     <CLSNAME>ZCL_EXCEL_STYLE_FILL</CLSNAME>
     <CMPNAME>GET_STRUCTURE</CMPNAME>
     <LANGU>E</LANGU>
     <DESCRIPT>Get structure</DESCRIPT>
    </SEOCOMPOTX>
    <SEOCOMPOTX>
     <CLSNAME>ZCL_EXCEL_STYLE_FILL</CLSNAME>
     <CMPNAME>ROTATION</CMPNAME>
     <LANGU>E</LANGU>
     <DESCRIPT>Rotation</DESCRIPT>
    </SEOCOMPOTX>
   </DESCRIPTIONS>
  </asx:values>
 </asx:abap>
</abapGit>
