﻿<?xml version="1.0" encoding="utf-8"?>
<abapGit version="v1.0.0" serializer="LCL_OBJECT_CLAS" serializer_version="v1.0.0">
 <asx:abap xmlns:asx="http://www.sap.com/abapxml" version="1.0">
  <asx:values>
   <VSEOCLASS>
    <CLSNAME>ZCL_EXCEL_SECURITY</CLSNAME>
    <LANGU>E</LANGU>
    <DESCRIPT>Security</DESCRIPT>
    <STATE>1</STATE>
    <CLSCCINCL>X</CLSCCINCL>
    <FIXPT>X</FIXPT>
    <UNICODE>X</UNICODE>
   </VSEOCLASS>
   <DESCRIPTIONS>
    <SEOCOMPOTX>
     <CLSNAME>ZCL_EXCEL_SECURITY</CLSNAME>
     <CMPNAME>IS_SECURITY_ENABLED</CMPNAME>
     <LANGU>E</LANGU>
     <DESCRIPT>Is some sort of dcument security enabled?</DESCRIPT>
    </SEOCOMPOTX>
    <SEOCOMPOTX>
     <CLSNAME>ZCL_EXCEL_SECURITY</CLSNAME>
     <CMPNAME>LOCKREVISION</CMPNAME>
     <LANGU>E</LANGU>
     <DESCRIPT>General Flag</DESCRIPT>
    </SEOCOMPOTX>
    <SEOCOMPOTX>
     <CLSNAME>ZCL_EXCEL_SECURITY</CLSNAME>
     <CMPNAME>LOCKSTRUCTURE</CMPNAME>
     <LANGU>E</LANGU>
     <DESCRIPT>General Flag</DESCRIPT>
    </SEOCOMPOTX>
    <SEOCOMPOTX>
     <CLSNAME>ZCL_EXCEL_SECURITY</CLSNAME>
     <CMPNAME>LOCKWINDOWS</CMPNAME>
     <LANGU>E</LANGU>
     <DESCRIPT>General Flag</DESCRIPT>
    </SEOCOMPOTX>
    <SEOCOMPOTX>
     <CLSNAME>ZCL_EXCEL_SECURITY</CLSNAME>
     <CMPNAME>REVISIONSPASSWORD</CMPNAME>
     <LANGU>E</LANGU>
     <DESCRIPT>Revisions password</DESCRIPT>
    </SEOCOMPOTX>
    <SEOCOMPOTX>
     <CLSNAME>ZCL_EXCEL_SECURITY</CLSNAME>
     <CMPNAME>WORKBOOKPASSWORD</CMPNAME>
     <LANGU>E</LANGU>
     <DESCRIPT>Workbook password</DESCRIPT>
    </SEOCOMPOTX>
   </DESCRIPTIONS>
  </asx:values>
 </asx:abap>
</abapGit>
