﻿<?xml version="1.0" encoding="utf-8"?>
<abapGit version="v1.0.0" serializer="LCL_OBJECT_CLAS" serializer_version="v1.0.0">
 <asx:abap xmlns:asx="http://www.sap.com/abapxml" version="1.0">
  <asx:values>
   <VSEOCLASS>
    <CLSNAME>ZCL_EXCEL_CONVERTER_RESULT_WD</CLSNAME>
    <LANGU>E</LANGU>
    <DESCRIPT>SALV converter for web dynpro</DESCRIPT>
    <STATE>1</STATE>
    <CLSCCINCL>X</CLSCCINCL>
    <FIXPT>X</FIXPT>
    <UNICODE>X</UNICODE>
   </VSEOCLASS>
   <DESCRIPTIONS>
    <SEOCOMPOTX>
     <CLSNAME>ZCL_EXCEL_CONVERTER_RESULT_WD</CLSNAME>
     <CMPNAME>CREATE_WT_FCAT</CMPNAME>
     <LANGU>E</LANGU>
     <DESCRIPT>Create wt_fcat for WD interface</DESCRIPT>
    </SEOCOMPOTX>
    <SEOCOMPOTX>
     <CLSNAME>ZCL_EXCEL_CONVERTER_RESULT_WD</CLSNAME>
     <CMPNAME>CREATE_WT_FILT</CMPNAME>
     <LANGU>E</LANGU>
     <DESCRIPT>Create wt_filt for WD interface</DESCRIPT>
    </SEOCOMPOTX>
    <SEOCOMPOTX>
     <CLSNAME>ZCL_EXCEL_CONVERTER_RESULT_WD</CLSNAME>
     <CMPNAME>CREATE_WT_SORT</CMPNAME>
     <LANGU>E</LANGU>
     <DESCRIPT>Create wt_sort for WD interface</DESCRIPT>
    </SEOCOMPOTX>
    <SEOCOMPOTX>
     <CLSNAME>ZCL_EXCEL_CONVERTER_RESULT_WD</CLSNAME>
     <CMPNAME>GET_COLUMNS_INFO</CMPNAME>
     <LANGU>E</LANGU>
     <DESCRIPT>Read data from WD columns object</DESCRIPT>
    </SEOCOMPOTX>
    <SEOCOMPOTX>
     <CLSNAME>ZCL_EXCEL_CONVERTER_RESULT_WD</CLSNAME>
     <CMPNAME>GET_FIELDS_INFO</CMPNAME>
     <LANGU>E</LANGU>
     <DESCRIPT>Get aggregation from field table</DESCRIPT>
    </SEOCOMPOTX>
    <SEOCOMPOTX>
     <CLSNAME>ZCL_EXCEL_CONVERTER_RESULT_WD</CLSNAME>
     <CMPNAME>WO_CONFIG</CMPNAME>
     <LANGU>E</LANGU>
     <DESCRIPT>Configuration of the ALV Output</DESCRIPT>
    </SEOCOMPOTX>
    <SEOCOMPOTX>
     <CLSNAME>ZCL_EXCEL_CONVERTER_RESULT_WD</CLSNAME>
     <CMPNAME>WT_COLUMNS</CMPNAME>
     <LANGU>E</LANGU>
     <DESCRIPT>SALV_WD_T_COLUMN_REF</DESCRIPT>
    </SEOCOMPOTX>
    <SEOCOMPOTX>
     <CLSNAME>ZCL_EXCEL_CONVERTER_RESULT_WD</CLSNAME>
     <CMPNAME>WT_FIELDS</CMPNAME>
     <LANGU>E</LANGU>
     <DESCRIPT>SALV_WD_T_FIELD_REF</DESCRIPT>
    </SEOCOMPOTX>
   </DESCRIPTIONS>
  </asx:values>
 </asx:abap>
</abapGit>
