﻿<?xml version="1.0" encoding="utf-8"?>
<abapGit version="v1.0.0" serializer="LCL_OBJECT_CLAS" serializer_version="v1.0.0">
 <asx:abap xmlns:asx="http://www.sap.com/abapxml" version="1.0">
  <asx:values>
   <VSEOCLASS>
    <CLSNAME>ZCL_EXCEL_PROPERTIES</CLSNAME>
    <LANGU>E</LANGU>
    <DESCRIPT>Document properties</DESCRIPT>
    <STATE>1</STATE>
    <CLSCCINCL>X</CLSCCINCL>
    <FIXPT>X</FIXPT>
    <UNICODE>X</UNICODE>
   </VSEOCLASS>
   <DESCRIPTIONS>
    <SEOCOMPOTX>
     <CLSNAME>ZCL_EXCEL_PROPERTIES</CLSNAME>
     <CMPNAME>APPLICATION</CMPNAME>
     <LANGU>E</LANGU>
     <DESCRIPT>Application</DESCRIPT>
    </SEOCOMPOTX>
    <SEOCOMPOTX>
     <CLSNAME>ZCL_EXCEL_PROPERTIES</CLSNAME>
     <CMPNAME>APPVERSION</CMPNAME>
     <LANGU>E</LANGU>
     <DESCRIPT>Application version</DESCRIPT>
    </SEOCOMPOTX>
    <SEOCOMPOTX>
     <CLSNAME>ZCL_EXCEL_PROPERTIES</CLSNAME>
     <CMPNAME>CATEGORY</CMPNAME>
     <LANGU>E</LANGU>
     <DESCRIPT>Category</DESCRIPT>
    </SEOCOMPOTX>
    <SEOCOMPOTX>
     <CLSNAME>ZCL_EXCEL_PROPERTIES</CLSNAME>
     <CMPNAME>COMPANY</CMPNAME>
     <LANGU>E</LANGU>
     <DESCRIPT>Company</DESCRIPT>
    </SEOCOMPOTX>
    <SEOCOMPOTX>
     <CLSNAME>ZCL_EXCEL_PROPERTIES</CLSNAME>
     <CMPNAME>CONSTRUCTOR</CMPNAME>
     <LANGU>E</LANGU>
     <DESCRIPT>CONSTRUCTOR</DESCRIPT>
    </SEOCOMPOTX>
    <SEOCOMPOTX>
     <CLSNAME>ZCL_EXCEL_PROPERTIES</CLSNAME>
     <CMPNAME>CREATED</CMPNAME>
     <LANGU>E</LANGU>
     <DESCRIPT>Created on</DESCRIPT>
    </SEOCOMPOTX>
    <SEOCOMPOTX>
     <CLSNAME>ZCL_EXCEL_PROPERTIES</CLSNAME>
     <CMPNAME>CREATOR</CMPNAME>
     <LANGU>E</LANGU>
     <DESCRIPT>Creator</DESCRIPT>
    </SEOCOMPOTX>
    <SEOCOMPOTX>
     <CLSNAME>ZCL_EXCEL_PROPERTIES</CLSNAME>
     <CMPNAME>DESCRIPTION</CMPNAME>
     <LANGU>E</LANGU>
     <DESCRIPT>Description</DESCRIPT>
    </SEOCOMPOTX>
    <SEOCOMPOTX>
     <CLSNAME>ZCL_EXCEL_PROPERTIES</CLSNAME>
     <CMPNAME>DOCSECURITY</CMPNAME>
     <LANGU>E</LANGU>
     <DESCRIPT>DocSecurity</DESCRIPT>
    </SEOCOMPOTX>
    <SEOCOMPOTX>
     <CLSNAME>ZCL_EXCEL_PROPERTIES</CLSNAME>
     <CMPNAME>HYPERLINKSCHANGED</CMPNAME>
     <LANGU>E</LANGU>
     <DESCRIPT>Hyperlinks changed</DESCRIPT>
    </SEOCOMPOTX>
    <SEOCOMPOTX>
     <CLSNAME>ZCL_EXCEL_PROPERTIES</CLSNAME>
     <CMPNAME>KEYWORDS</CMPNAME>
     <LANGU>E</LANGU>
     <DESCRIPT>Keywords</DESCRIPT>
    </SEOCOMPOTX>
    <SEOCOMPOTX>
     <CLSNAME>ZCL_EXCEL_PROPERTIES</CLSNAME>
     <CMPNAME>LASTMODIFIEDBY</CMPNAME>
     <LANGU>E</LANGU>
     <DESCRIPT>Modified by</DESCRIPT>
    </SEOCOMPOTX>
    <SEOCOMPOTX>
     <CLSNAME>ZCL_EXCEL_PROPERTIES</CLSNAME>
     <CMPNAME>LINKSUPTODATE</CMPNAME>
     <LANGU>E</LANGU>
     <DESCRIPT>Links up to date</DESCRIPT>
    </SEOCOMPOTX>
    <SEOCOMPOTX>
     <CLSNAME>ZCL_EXCEL_PROPERTIES</CLSNAME>
     <CMPNAME>MODIFIED</CMPNAME>
     <LANGU>E</LANGU>
     <DESCRIPT>Modified on</DESCRIPT>
    </SEOCOMPOTX>
    <SEOCOMPOTX>
     <CLSNAME>ZCL_EXCEL_PROPERTIES</CLSNAME>
     <CMPNAME>SCALECROP</CMPNAME>
     <LANGU>E</LANGU>
     <DESCRIPT>ScaleCrop</DESCRIPT>
    </SEOCOMPOTX>
    <SEOCOMPOTX>
     <CLSNAME>ZCL_EXCEL_PROPERTIES</CLSNAME>
     <CMPNAME>SHAREDDOC</CMPNAME>
     <LANGU>E</LANGU>
     <DESCRIPT>Shared document</DESCRIPT>
    </SEOCOMPOTX>
    <SEOCOMPOTX>
     <CLSNAME>ZCL_EXCEL_PROPERTIES</CLSNAME>
     <CMPNAME>SUBJECT</CMPNAME>
     <LANGU>E</LANGU>
     <DESCRIPT>Subject</DESCRIPT>
    </SEOCOMPOTX>
    <SEOCOMPOTX>
     <CLSNAME>ZCL_EXCEL_PROPERTIES</CLSNAME>
     <CMPNAME>TITLE</CMPNAME>
     <LANGU>E</LANGU>
     <DESCRIPT>Title</DESCRIPT>
    </SEOCOMPOTX>
   </DESCRIPTIONS>
  </asx:values>
 </asx:abap>
</abapGit>
