﻿<?xml version="1.0" encoding="utf-8"?>
<abapGit version="v1.0.0" serializer="LCL_OBJECT_PROG" serializer_version="v1.0.0">
 <asx:abap xmlns:asx="http://www.sap.com/abapxml" version="1.0">
  <asx:values>
   <PROGDIR>
    <NAME>ZDEMO_EXCEL11</NAME>
    <SUBC>1</SUBC>
    <RSTAT>K</RSTAT>
    <RLOAD>E</RLOAD>
    <FIXPT>X</FIXPT>
    <UCCHECK>X</UCCHECK>
   </PROGDIR>
   <TPOOL>
    <item>
     <ID>I</ID>
     <KEY>00A</KEY>
     <ENTRY>Select by master data</ENTRY>
     <LENGTH>132</LENGTH>
    </item>
    <item>
     <ID>I</ID>
     <KEY>00B</KEY>
     <ENTRY>Select by relationship</ENTRY>
     <LENGTH>132</LENGTH>
    </item>
    <item>
     <ID>R</ID>
     <ENTRY>abap2xlsx Demo: Export Organisation and Contact Persons</ENTRY>
     <LENGTH>55</LENGTH>
    </item>
    <item>
     <ID>S</ID>
     <KEY>COUNTRY</KEY>
     <ENTRY>.</ENTRY>
     <LENGTH>19</LENGTH>
     <SPLIT>D</SPLIT>
    </item>
    <item>
     <ID>S</ID>
     <KEY>MAXSEL</KEY>
     <ENTRY>.</ENTRY>
     <LENGTH>27</LENGTH>
     <SPLIT>D</SPLIT>
    </item>
    <item>
     <ID>S</ID>
     <KEY>MD</KEY>
     <ENTRY>Select by master data</ENTRY>
     <LENGTH>29</LENGTH>
    </item>
    <item>
     <ID>S</ID>
     <KEY>PARTNER</KEY>
     <ENTRY>.</ENTRY>
     <LENGTH>24</LENGTH>
     <SPLIT>D</SPLIT>
    </item>
    <item>
     <ID>S</ID>
     <KEY>PARTNERC</KEY>
     <ENTRY>.</ENTRY>
     <LENGTH>19</LENGTH>
     <SPLIT>D</SPLIT>
    </item>
    <item>
     <ID>S</ID>
     <KEY>POSTLCOD</KEY>
     <ENTRY>.</ENTRY>
     <LENGTH>19</LENGTH>
     <SPLIT>D</SPLIT>
    </item>
    <item>
     <ID>S</ID>
     <KEY>P_PATH</KEY>
     <ENTRY>.</ENTRY>
     <LENGTH>21</LENGTH>
     <SPLIT>D</SPLIT>
    </item>
    <item>
     <ID>S</ID>
     <KEY>REL</KEY>
     <ENTRY>Select by relationship</ENTRY>
     <LENGTH>30</LENGTH>
    </item>
    <item>
     <ID>S</ID>
     <KEY>RELTYP</KEY>
     <ENTRY>.</ENTRY>
     <LENGTH>25</LENGTH>
     <SPLIT>D</SPLIT>
    </item>
   </TPOOL>
  </asx:values>
 </asx:abap>
</abapGit>
