﻿<?xml version="1.0" encoding="utf-8"?>
<abapGit version="v1.0.0" serializer="LCL_OBJECT_TABL" serializer_version="v1.0.0">
 <asx:abap xmlns:asx="http://www.sap.com/abapxml" version="1.0">
  <asx:values>
   <DD02V>
    <TABNAME>ZEXCEL_S_CONVERTER_OPTION</TABNAME>
    <TABCLASS>INTTAB</TABCLASS>
    <EXCLASS>2</EXCLASS>
   </DD02V>
   <DD03P_TABLE>
    <DD03P>
     <TABNAME>ZEXCEL_S_CONVERTER_OPTION</TABNAME>
     <FIELDNAME>FILTER</FIELDNAME>
     <POSITION>0001</POSITION>
     <ROLLNAME>ZEXCEL_CONVERTER_OPTION_FILTER</ROLLNAME>
     <ADMINFIELD>0</ADMINFIELD>
     <VALEXI>X</VALEXI>
     <SHLPORIGIN>F</SHLPORIGIN>
     <COMPTYPE>E</COMPTYPE>
    </DD03P>
    <DD03P>
     <TABNAME>ZEXCEL_S_CONVERTER_OPTION</TABNAME>
     <FIELDNAME>SUBTOT</FIELDNAME>
     <POSITION>0002</POSITION>
     <ROLLNAME>ZEXCEL_CONVERTER_OPTION_SUBTOT</ROLLNAME>
     <ADMINFIELD>0</ADMINFIELD>
     <VALEXI>X</VALEXI>
     <SHLPORIGIN>F</SHLPORIGIN>
     <COMPTYPE>E</COMPTYPE>
    </DD03P>
    <DD03P>
     <TABNAME>ZEXCEL_S_CONVERTER_OPTION</TABNAME>
     <FIELDNAME>HIDENC</FIELDNAME>
     <POSITION>0003</POSITION>
     <ROLLNAME>ZEXCEL_CONVERTER_OPTION_HIDENC</ROLLNAME>
     <ADMINFIELD>0</ADMINFIELD>
     <VALEXI>X</VALEXI>
     <SHLPORIGIN>F</SHLPORIGIN>
     <COMPTYPE>E</COMPTYPE>
    </DD03P>
    <DD03P>
     <TABNAME>ZEXCEL_S_CONVERTER_OPTION</TABNAME>
     <FIELDNAME>HIDEHD</FIELDNAME>
     <POSITION>0004</POSITION>
     <ROLLNAME>ZEXCEL_CONVERTER_OPTION_HIDEHD</ROLLNAME>
     <ADMINFIELD>0</ADMINFIELD>
     <VALEXI>X</VALEXI>
     <SHLPORIGIN>F</SHLPORIGIN>
     <COMPTYPE>E</COMPTYPE>
    </DD03P>
   </DD03P_TABLE>
  </asx:values>
 </asx:abap>
</abapGit>
