﻿<?xml version="1.0" encoding="utf-8"?>
<abapGit version="v1.0.0" serializer="LCL_OBJECT_TABL" serializer_version="v1.0.0">
 <asx:abap xmlns:asx="http://www.sap.com/abapxml" version="1.0">
  <asx:values>
   <DD02V>
    <TABNAME>ZEXCEL_S_CONV_FIELDCATALOG</TABNAME>
    <TABCLASS>INTTAB</TABCLASS>
    <EXCLASS>4</EXCLASS>
   </DD02V>
   <DD03P_TABLE>
    <DD03P>
     <TABNAME>ZEXCEL_S_CONV_FIELDCATALOG</TABNAME>
     <FIELDNAME>TABNAME</FIELDNAME>
     <POSITION>0001</POSITION>
     <ROLLNAME>TABNAME</ROLLNAME>
     <CHECKTABLE>DD02L</CHECKTABLE>
     <ADMINFIELD>0</ADMINFIELD>
     <SHLPORIGIN>P</SHLPORIGIN>
     <COMPTYPE>E</COMPTYPE>
    </DD03P>
    <DD03P>
     <TABNAME>ZEXCEL_S_CONV_FIELDCATALOG</TABNAME>
     <FIELDNAME>FIELDNAME</FIELDNAME>
     <POSITION>0002</POSITION>
     <ROLLNAME>FIELDNAME</ROLLNAME>
     <CHECKTABLE>DD03L</CHECKTABLE>
     <ADMINFIELD>0</ADMINFIELD>
     <SHLPORIGIN>P</SHLPORIGIN>
     <COMPTYPE>E</COMPTYPE>
    </DD03P>
    <DD03P>
     <TABNAME>ZEXCEL_S_CONV_FIELDCATALOG</TABNAME>
     <FIELDNAME>COLUMNNAME</FIELDNAME>
     <POSITION>0003</POSITION>
     <ROLLNAME>FIELDNAME</ROLLNAME>
     <ADMINFIELD>0</ADMINFIELD>
     <COMPTYPE>E</COMPTYPE>
    </DD03P>
    <DD03P>
     <TABNAME>ZEXCEL_S_CONV_FIELDCATALOG</TABNAME>
     <FIELDNAME>POSITION</FIELDNAME>
     <POSITION>0004</POSITION>
     <ROLLNAME>TABFDPOS</ROLLNAME>
     <ADMINFIELD>0</ADMINFIELD>
     <COMPTYPE>E</COMPTYPE>
    </DD03P>
    <DD03P>
     <TABNAME>ZEXCEL_S_CONV_FIELDCATALOG</TABNAME>
     <FIELDNAME>INTTYPE</FIELDNAME>
     <POSITION>0005</POSITION>
     <ROLLNAME>INTTYPE</ROLLNAME>
     <ADMINFIELD>0</ADMINFIELD>
     <VALEXI>X</VALEXI>
     <SHLPORIGIN>F</SHLPORIGIN>
     <COMPTYPE>E</COMPTYPE>
    </DD03P>
    <DD03P>
     <TABNAME>ZEXCEL_S_CONV_FIELDCATALOG</TABNAME>
     <FIELDNAME>SCRTEXT_S</FIELDNAME>
     <POSITION>0006</POSITION>
     <ROLLNAME>SCRTEXT_S</ROLLNAME>
     <ADMINFIELD>0</ADMINFIELD>
     <COMPTYPE>E</COMPTYPE>
    </DD03P>
    <DD03P>
     <TABNAME>ZEXCEL_S_CONV_FIELDCATALOG</TABNAME>
     <FIELDNAME>SCRTEXT_M</FIELDNAME>
     <POSITION>0007</POSITION>
     <ROLLNAME>SCRTEXT_M</ROLLNAME>
     <ADMINFIELD>0</ADMINFIELD>
     <COMPTYPE>E</COMPTYPE>
    </DD03P>
    <DD03P>
     <TABNAME>ZEXCEL_S_CONV_FIELDCATALOG</TABNAME>
     <FIELDNAME>SCRTEXT_L</FIELDNAME>
     <POSITION>0008</POSITION>
     <ROLLNAME>SCRTEXT_L</ROLLNAME>
     <ADMINFIELD>0</ADMINFIELD>
     <COMPTYPE>E</COMPTYPE>
    </DD03P>
    <DD03P>
     <TABNAME>ZEXCEL_S_CONV_FIELDCATALOG</TABNAME>
     <FIELDNAME>TOTALS_FUNCTION</FIELDNAME>
     <POSITION>0009</POSITION>
     <ROLLNAME>ZEXCEL_TABLE_TOTALS_FUNCTION</ROLLNAME>
     <ADMINFIELD>0</ADMINFIELD>
     <COMPTYPE>E</COMPTYPE>
    </DD03P>
    <DD03P>
     <TABNAME>ZEXCEL_S_CONV_FIELDCATALOG</TABNAME>
     <FIELDNAME>FIX_COLUMN</FIELDNAME>
     <POSITION>0010</POSITION>
     <ROLLNAME>FLAG</ROLLNAME>
     <ADMINFIELD>0</ADMINFIELD>
     <VALEXI>X</VALEXI>
     <SHLPORIGIN>F</SHLPORIGIN>
     <COMPTYPE>E</COMPTYPE>
    </DD03P>
    <DD03P>
     <TABNAME>ZEXCEL_S_CONV_FIELDCATALOG</TABNAME>
     <FIELDNAME>IS_OPTIMIZED</FIELDNAME>
     <POSITION>0011</POSITION>
     <ROLLNAME>FLAG</ROLLNAME>
     <ADMINFIELD>0</ADMINFIELD>
     <VALEXI>X</VALEXI>
     <SHLPORIGIN>F</SHLPORIGIN>
     <COMPTYPE>E</COMPTYPE>
    </DD03P>
    <DD03P>
     <TABNAME>ZEXCEL_S_CONV_FIELDCATALOG</TABNAME>
     <FIELDNAME>IS_VISIBLE</FIELDNAME>
     <POSITION>0012</POSITION>
     <ROLLNAME>FLAG</ROLLNAME>
     <ADMINFIELD>0</ADMINFIELD>
     <VALEXI>X</VALEXI>
     <SHLPORIGIN>F</SHLPORIGIN>
     <COMPTYPE>E</COMPTYPE>
    </DD03P>
    <DD03P>
     <TABNAME>ZEXCEL_S_CONV_FIELDCATALOG</TABNAME>
     <FIELDNAME>ALIGNMENT</FIELDNAME>
     <POSITION>0013</POSITION>
     <ROLLNAME>ZEXCEL_ALIGNMENT</ROLLNAME>
     <ADMINFIELD>0</ADMINFIELD>
     <COMPTYPE>E</COMPTYPE>
    </DD03P>
   </DD03P_TABLE>
   <DD05M_TABLE>
    <DD05M>
     <TABNAME>ZEXCEL_S_CONV_FIELDCATALOG</TABNAME>
     <FIELDNAME>FIELDNAME</FIELDNAME>
     <FORTABLE>ZEXCEL_S_CONV_FIELDCATALOG</FORTABLE>
     <FORKEY>TABNAME</FORKEY>
     <CHECKTABLE>DD03L</CHECKTABLE>
     <CHECKFIELD>TABNAME</CHECKFIELD>
     <PRIMPOS>0001</PRIMPOS>
     <DOMNAME>AS4TAB</DOMNAME>
     <DATATYPE>CHAR</DATATYPE>
     <LENG>000030</LENG>
    </DD05M>
    <DD05M>
     <TABNAME>ZEXCEL_S_CONV_FIELDCATALOG</TABNAME>
     <FIELDNAME>FIELDNAME</FIELDNAME>
     <FORTABLE>ZEXCEL_S_CONV_FIELDCATALOG</FORTABLE>
     <FORKEY>FIELDNAME</FORKEY>
     <CHECKTABLE>DD03L</CHECKTABLE>
     <CHECKFIELD>FIELDNAME</CHECKFIELD>
     <PRIMPOS>0002</PRIMPOS>
     <DOMNAME>FDNAME</DOMNAME>
     <DATATYPE>CHAR</DATATYPE>
     <LENG>000030</LENG>
    </DD05M>
    <DD05M>
     <TABNAME>ZEXCEL_S_CONV_FIELDCATALOG</TABNAME>
     <FIELDNAME>FIELDNAME</FIELDNAME>
     <FORTABLE>&apos;A&apos;</FORTABLE>
     <CHECKTABLE>DD03L</CHECKTABLE>
     <CHECKFIELD>AS4LOCAL</CHECKFIELD>
     <PRIMPOS>0003</PRIMPOS>
     <DOMNAME>AS4LOCAL</DOMNAME>
     <DATATYPE>CHAR</DATATYPE>
     <LENG>000001</LENG>
    </DD05M>
    <DD05M>
     <TABNAME>ZEXCEL_S_CONV_FIELDCATALOG</TABNAME>
     <FIELDNAME>FIELDNAME</FIELDNAME>
     <FORTABLE>&apos;0000&apos;</FORTABLE>
     <CHECKTABLE>DD03L</CHECKTABLE>
     <CHECKFIELD>AS4VERS</CHECKFIELD>
     <PRIMPOS>0004</PRIMPOS>
     <DOMNAME>AS4VERS</DOMNAME>
     <DATATYPE>NUMC</DATATYPE>
     <LENG>000004</LENG>
    </DD05M>
    <DD05M>
     <TABNAME>ZEXCEL_S_CONV_FIELDCATALOG</TABNAME>
     <FIELDNAME>FIELDNAME</FIELDNAME>
     <FORTABLE>ZEXCEL_S_CONV_FIELDCATALOG</FORTABLE>
     <FORKEY>POSITION</FORKEY>
     <CHECKTABLE>DD03L</CHECKTABLE>
     <CHECKFIELD>POSITION</CHECKFIELD>
     <PRIMPOS>0005</PRIMPOS>
     <DOMNAME>AS4POS</DOMNAME>
     <DATATYPE>NUMC</DATATYPE>
     <LENG>000004</LENG>
    </DD05M>
    <DD05M>
     <TABNAME>ZEXCEL_S_CONV_FIELDCATALOG</TABNAME>
     <FIELDNAME>TABNAME</FIELDNAME>
     <FORTABLE>ZEXCEL_S_CONV_FIELDCATALOG</FORTABLE>
     <FORKEY>TABNAME</FORKEY>
     <CHECKTABLE>DD02L</CHECKTABLE>
     <CHECKFIELD>TABNAME</CHECKFIELD>
     <PRIMPOS>0001</PRIMPOS>
     <DOMNAME>AS4TAB</DOMNAME>
     <DATATYPE>CHAR</DATATYPE>
     <LENG>000030</LENG>
    </DD05M>
    <DD05M>
     <TABNAME>ZEXCEL_S_CONV_FIELDCATALOG</TABNAME>
     <FIELDNAME>TABNAME</FIELDNAME>
     <FORTABLE>&apos;A&apos;</FORTABLE>
     <CHECKTABLE>DD02L</CHECKTABLE>
     <CHECKFIELD>AS4LOCAL</CHECKFIELD>
     <PRIMPOS>0002</PRIMPOS>
     <DOMNAME>AS4LOCAL</DOMNAME>
     <DATATYPE>CHAR</DATATYPE>
     <LENG>000001</LENG>
    </DD05M>
    <DD05M>
     <TABNAME>ZEXCEL_S_CONV_FIELDCATALOG</TABNAME>
     <FIELDNAME>TABNAME</FIELDNAME>
     <FORTABLE>&apos;0000&apos;</FORTABLE>
     <CHECKTABLE>DD02L</CHECKTABLE>
     <CHECKFIELD>AS4VERS</CHECKFIELD>
     <PRIMPOS>0003</PRIMPOS>
     <DOMNAME>AS4VERS</DOMNAME>
     <DATATYPE>NUMC</DATATYPE>
     <LENG>000004</LENG>
    </DD05M>
   </DD05M_TABLE>
   <DD08V_TABLE>
    <DD08V>
     <TABNAME>ZEXCEL_S_CONV_FIELDCATALOG</TABNAME>
     <FIELDNAME>FIELDNAME</FIELDNAME>
     <CHECKTABLE>DD03L</CHECKTABLE>
    </DD08V>
    <DD08V>
     <TABNAME>ZEXCEL_S_CONV_FIELDCATALOG</TABNAME>
     <FIELDNAME>TABNAME</FIELDNAME>
     <CHECKTABLE>DD02L</CHECKTABLE>
    </DD08V>
   </DD08V_TABLE>
  </asx:values>
 </asx:abap>
</abapGit>
