﻿<?xml version="1.0" encoding="utf-8"?>
<abapGit version="v1.0.0" serializer="LCL_OBJECT_TTYP" serializer_version="v1.0.0">
 <asx:abap xmlns:asx="http://www.sap.com/abapxml" version="1.0">
  <asx:values>
   <DD40V>
    <TYPENAME>ZEXCEL_T_STYLE_BORDER</TYPENAME>
    <ROWTYPE>ZEXCEL_S_STYLE_BORDER</ROWTYPE>
    <ROWKIND>S</ROWKIND>
    <DATATYPE>STRU</DATATYPE>
    <ACCESSMODE>T</ACCESSMODE>
    <KEYDEF>K</KEYDEF>
    <KEYKIND>N</KEYKIND>
    <KEYFDCOUNT>0012</KEYFDCOUNT>
   </DD40V>
   <DD42V>
    <DD42V>
     <TYPENAME>ZEXCEL_T_STYLE_BORDER</TYPENAME>
     <KEYFDPOS>0001</KEYFDPOS>
     <ROWTYPEPOS>0001</ROWTYPEPOS>
     <KEYFIELD>LEFT_COLOR</KEYFIELD>
    </DD42V>
    <DD42V>
     <TYPENAME>ZEXCEL_T_STYLE_BORDER</TYPENAME>
     <KEYFDPOS>0002</KEYFDPOS>
     <ROWTYPEPOS>0006</ROWTYPEPOS>
     <KEYFIELD>LEFT_STYLE</KEYFIELD>
    </DD42V>
    <DD42V>
     <TYPENAME>ZEXCEL_T_STYLE_BORDER</TYPENAME>
     <KEYFDPOS>0003</KEYFDPOS>
     <ROWTYPEPOS>0007</ROWTYPEPOS>
     <KEYFIELD>RIGHT_COLOR</KEYFIELD>
    </DD42V>
    <DD42V>
     <TYPENAME>ZEXCEL_T_STYLE_BORDER</TYPENAME>
     <KEYFDPOS>0004</KEYFDPOS>
     <ROWTYPEPOS>0012</ROWTYPEPOS>
     <KEYFIELD>RIGHT_STYLE</KEYFIELD>
    </DD42V>
    <DD42V>
     <TYPENAME>ZEXCEL_T_STYLE_BORDER</TYPENAME>
     <KEYFDPOS>0005</KEYFDPOS>
     <ROWTYPEPOS>0013</ROWTYPEPOS>
     <KEYFIELD>TOP_COLOR</KEYFIELD>
    </DD42V>
    <DD42V>
     <TYPENAME>ZEXCEL_T_STYLE_BORDER</TYPENAME>
     <KEYFDPOS>0006</KEYFDPOS>
     <ROWTYPEPOS>0018</ROWTYPEPOS>
     <KEYFIELD>TOP_STYLE</KEYFIELD>
    </DD42V>
    <DD42V>
     <TYPENAME>ZEXCEL_T_STYLE_BORDER</TYPENAME>
     <KEYFDPOS>0007</KEYFDPOS>
     <ROWTYPEPOS>0019</ROWTYPEPOS>
     <KEYFIELD>BOTTOM_COLOR</KEYFIELD>
    </DD42V>
    <DD42V>
     <TYPENAME>ZEXCEL_T_STYLE_BORDER</TYPENAME>
     <KEYFDPOS>0008</KEYFDPOS>
     <ROWTYPEPOS>0024</ROWTYPEPOS>
     <KEYFIELD>BOTTOM_STYLE</KEYFIELD>
    </DD42V>
    <DD42V>
     <TYPENAME>ZEXCEL_T_STYLE_BORDER</TYPENAME>
     <KEYFDPOS>0009</KEYFDPOS>
     <ROWTYPEPOS>0025</ROWTYPEPOS>
     <KEYFIELD>DIAGONAL_COLOR</KEYFIELD>
    </DD42V>
    <DD42V>
     <TYPENAME>ZEXCEL_T_STYLE_BORDER</TYPENAME>
     <KEYFDPOS>0010</KEYFDPOS>
     <ROWTYPEPOS>0030</ROWTYPEPOS>
     <KEYFIELD>DIAGONAL_STYLE</KEYFIELD>
    </DD42V>
    <DD42V>
     <TYPENAME>ZEXCEL_T_STYLE_BORDER</TYPENAME>
     <KEYFDPOS>0011</KEYFDPOS>
     <ROWTYPEPOS>0031</ROWTYPEPOS>
     <KEYFIELD>DIAGONALUP</KEYFIELD>
    </DD42V>
    <DD42V>
     <TYPENAME>ZEXCEL_T_STYLE_BORDER</TYPENAME>
     <KEYFDPOS>0012</KEYFDPOS>
     <ROWTYPEPOS>0032</ROWTYPEPOS>
     <KEYFIELD>DIAGONALDOWN</KEYFIELD>
    </DD42V>
   </DD42V>
  </asx:values>
 </asx:abap>
</abapGit>
