﻿<?xml version="1.0" encoding="utf-8"?>
<abapGit version="v1.0.0" serializer="LCL_OBJECT_DTEL" serializer_version="v1.0.0">
 <asx:abap xmlns:asx="http://www.sap.com/abapxml" version="1.0">
  <asx:values>
   <DD04V>
    <ROLLNAME>ZEXCEL_TABLE_TOTALS_FUNCTION</ROLLNAME>
    <DDLANGUAGE>E</DDLANGUAGE>
    <DDTEXT>Totals function for table column (xml ST_TotalsRowFunction)</DDTEXT>
    <DTELMASTER>1</DTELMASTER>
    <DATATYPE>STRG</DATATYPE>
   </DD04V>
   <I18N_LANGS>
    <LANGU>1</LANGU>
   </I18N_LANGS>
   <DD04_TEXTS>
    <item>
     <DDLANGUAGE>1</DDLANGUAGE>
     <DDTEXT>Totals function for table column (xml ST_TotalsRowFunction)</DDTEXT>
    </item>
   </DD04_TEXTS>
  </asx:values>
 </asx:abap>
</abapGit>
