﻿<?xml version="1.0" encoding="utf-8"?>
<abapGit version="v1.0.0" serializer="LCL_OBJECT_TABL" serializer_version="v1.0.0">
 <asx:abap xmlns:asx="http://www.sap.com/abapxml" version="1.0">
  <asx:values>
   <DD02V>
    <TABNAME>ZEXCEL_S_AUTOFILTER_AREA</TABNAME>
    <TABCLASS>INTTAB</TABCLASS>
    <EXCLASS>3</EXCLASS>
   </DD02V>
   <DD03P_TABLE>
    <DD03P>
     <TABNAME>ZEXCEL_S_AUTOFILTER_AREA</TABNAME>
     <FIELDNAME>ROW_START</FIELDNAME>
     <POSITION>0001</POSITION>
     <ROLLNAME>ZEXCEL_CELL_ROW</ROLLNAME>
     <ADMINFIELD>0</ADMINFIELD>
     <COMPTYPE>E</COMPTYPE>
    </DD03P>
    <DD03P>
     <TABNAME>ZEXCEL_S_AUTOFILTER_AREA</TABNAME>
     <FIELDNAME>COL_START</FIELDNAME>
     <POSITION>0002</POSITION>
     <ROLLNAME>ZEXCEL_CELL_COLUMN</ROLLNAME>
     <ADMINFIELD>0</ADMINFIELD>
     <COMPTYPE>E</COMPTYPE>
    </DD03P>
    <DD03P>
     <TABNAME>ZEXCEL_S_AUTOFILTER_AREA</TABNAME>
     <FIELDNAME>ROW_END</FIELDNAME>
     <POSITION>0003</POSITION>
     <ROLLNAME>ZEXCEL_CELL_ROW</ROLLNAME>
     <ADMINFIELD>0</ADMINFIELD>
     <COMPTYPE>E</COMPTYPE>
    </DD03P>
    <DD03P>
     <TABNAME>ZEXCEL_S_AUTOFILTER_AREA</TABNAME>
     <FIELDNAME>COL_END</FIELDNAME>
     <POSITION>0004</POSITION>
     <ROLLNAME>ZEXCEL_CELL_COLUMN</ROLLNAME>
     <ADMINFIELD>0</ADMINFIELD>
     <COMPTYPE>E</COMPTYPE>
    </DD03P>
   </DD03P_TABLE>
  </asx:values>
 </asx:abap>
</abapGit>
