﻿<?xml version="1.0" encoding="utf-8"?>
<abapGit version="v1.0.0" serializer="LCL_OBJECT_TABL" serializer_version="v1.0.0">
 <asx:abap xmlns:asx="http://www.sap.com/abapxml" version="1.0">
  <asx:values>
   <DD02V>
    <TABNAME>ZEXCEL_S_ORG_REL</TABNAME>
    <TABCLASS>INTTAB</TABCLASS>
    <LANGDEP>X</LANGDEP>
    <EXCLASS>1</EXCLASS>
   </DD02V>
   <DD03P_TABLE>
    <DD03P>
     <TABNAME>ZEXCEL_S_ORG_REL</TABNAME>
     <FIELDNAME>ORG_GUID</FIELDNAME>
     <POSITION>0001</POSITION>
     <ROLLNAME>BAPIGUID</ROLLNAME>
     <ADMINFIELD>0</ADMINFIELD>
     <COMPTYPE>E</COMPTYPE>
    </DD03P>
    <DD03P>
     <TABNAME>ZEXCEL_S_ORG_REL</TABNAME>
     <FIELDNAME>CONTPERS_GUID</FIELDNAME>
     <POSITION>0002</POSITION>
     <ROLLNAME>BAPIGUID</ROLLNAME>
     <ADMINFIELD>0</ADMINFIELD>
     <COMPTYPE>E</COMPTYPE>
    </DD03P>
    <DD03P>
     <TABNAME>ZEXCEL_S_ORG_REL</TABNAME>
     <FIELDNAME>ORG_NUMBER</FIELDNAME>
     <POSITION>0003</POSITION>
     <ROLLNAME>BU_PARTNER</ROLLNAME>
     <ADMINFIELD>0</ADMINFIELD>
     <SHLPORIGIN>D</SHLPORIGIN>
     <COMPTYPE>E</COMPTYPE>
    </DD03P>
    <DD03P>
     <TABNAME>ZEXCEL_S_ORG_REL</TABNAME>
     <FIELDNAME>CONTPERS_NUMBER</FIELDNAME>
     <POSITION>0004</POSITION>
     <ROLLNAME>BU_PARTNER</ROLLNAME>
     <ADMINFIELD>0</ADMINFIELD>
     <SHLPORIGIN>D</SHLPORIGIN>
     <COMPTYPE>E</COMPTYPE>
    </DD03P>
    <DD03P>
     <TABNAME>ZEXCEL_S_ORG_REL</TABNAME>
     <FIELDNAME>.INCLUDE</FIELDNAME>
     <DDLANGUAGE>E</DDLANGUAGE>
     <POSITION>0005</POSITION>
     <ADMINFIELD>0</ADMINFIELD>
     <PRECFIELD>BAPIBUS1006_CENTRAL_ORGAN</PRECFIELD>
     <MASK>      S</MASK>
     <DDTEXT>SAP BP: BAPI Structure for Organization Data</DDTEXT>
     <COMPTYPE>S</COMPTYPE>
    </DD03P>
    <DD03P>
     <TABNAME>ZEXCEL_S_ORG_REL</TABNAME>
     <FIELDNAME>.INCLUDE</FIELDNAME>
     <DDLANGUAGE>E</DDLANGUAGE>
     <POSITION>0018</POSITION>
     <ADMINFIELD>0</ADMINFIELD>
     <REFTABLE>LANGU</REFTABLE>
     <PRECFIELD>BAPIBUS1006_ADDRESS</PRECFIELD>
     <MASK>      S</MASK>
     <DDTEXT>SAP BP: BAPI Structure for Address Data</DDTEXT>
     <COMPTYPE>S</COMPTYPE>
    </DD03P>
    <DD03P>
     <TABNAME>ZEXCEL_S_ORG_REL</TABNAME>
     <FIELDNAME>.INCLUDE</FIELDNAME>
     <DDLANGUAGE>E</DDLANGUAGE>
     <POSITION>0079</POSITION>
     <ADMINFIELD>0</ADMINFIELD>
     <PRECFIELD>BAPIBUS1006_CENTRAL_PERSON</PRECFIELD>
     <MASK>      S</MASK>
     <DDTEXT>SAP BP: BAPI Structure for Personal Data</DDTEXT>
     <COMPTYPE>S</COMPTYPE>
    </DD03P>
    <DD03P>
     <TABNAME>ZEXCEL_S_ORG_REL</TABNAME>
     <FIELDNAME>.INCLUDE</FIELDNAME>
     <DDLANGUAGE>E</DDLANGUAGE>
     <POSITION>0108</POSITION>
     <ADMINFIELD>0</ADMINFIELD>
     <PRECFIELD>BAPIBUS1006002_CENTRAL</PRECFIELD>
     <MASK>      S</MASK>
     <DDTEXT>SAP BP, CP Rel.: BAPI Structure for Central Data</DDTEXT>
     <COMPTYPE>S</COMPTYPE>
    </DD03P>
   </DD03P_TABLE>
  </asx:values>
 </asx:abap>
</abapGit>
