﻿<?xml version="1.0" encoding="utf-8"?>
<abapGit version="v1.0.0" serializer="LCL_OBJECT_TABL" serializer_version="v1.0.0">
 <asx:abap xmlns:asx="http://www.sap.com/abapxml" version="1.0">
  <asx:values>
   <DD02V>
    <TABNAME>ZEXCEL_S_CSTYLEX_COMPLETE</TABNAME>
    <TABCLASS>INTTAB</TABCLASS>
    <EXCLASS>4</EXCLASS>
   </DD02V>
   <DD03P_TABLE>
    <DD03P>
     <TABNAME>ZEXCEL_S_CSTYLEX_COMPLETE</TABNAME>
     <FIELDNAME>FONT</FIELDNAME>
     <POSITION>0001</POSITION>
     <ROLLNAME>ZEXCEL_S_CSTYLEX_FONT</ROLLNAME>
     <ADMINFIELD>0</ADMINFIELD>
     <DATATYPE>STRU</DATATYPE>
     <MASK>  STRUS</MASK>
     <COMPTYPE>S</COMPTYPE>
    </DD03P>
    <DD03P>
     <TABNAME>ZEXCEL_S_CSTYLEX_COMPLETE</TABNAME>
     <FIELDNAME>FILL</FIELDNAME>
     <POSITION>0016</POSITION>
     <ROLLNAME>ZEXCEL_S_CSTYLEX_FILL</ROLLNAME>
     <ADMINFIELD>0</ADMINFIELD>
     <DATATYPE>STRU</DATATYPE>
     <MASK>  STRUS</MASK>
     <COMPTYPE>S</COMPTYPE>
    </DD03P>
    <DD03P>
     <TABNAME>ZEXCEL_S_CSTYLEX_COMPLETE</TABNAME>
     <FIELDNAME>BORDERS</FIELDNAME>
     <POSITION>0039</POSITION>
     <ROLLNAME>ZEXCEL_S_CSTYLEX_BORDERS</ROLLNAME>
     <ADMINFIELD>0</ADMINFIELD>
     <DATATYPE>STRU</DATATYPE>
     <MASK>  STRUS</MASK>
     <COMPTYPE>S</COMPTYPE>
    </DD03P>
    <DD03P>
     <TABNAME>ZEXCEL_S_CSTYLEX_COMPLETE</TABNAME>
     <FIELDNAME>ALIGNMENT</FIELDNAME>
     <POSITION>0083</POSITION>
     <ROLLNAME>ZEXCEL_S_CSTYLEX_ALIGNMENT</ROLLNAME>
     <ADMINFIELD>0</ADMINFIELD>
     <DATATYPE>STRU</DATATYPE>
     <MASK>  STRUS</MASK>
     <COMPTYPE>S</COMPTYPE>
    </DD03P>
    <DD03P>
     <TABNAME>ZEXCEL_S_CSTYLEX_COMPLETE</TABNAME>
     <FIELDNAME>NUMBER_FORMAT</FIELDNAME>
     <POSITION>0090</POSITION>
     <ROLLNAME>ZEXCEL_S_CSTYLEX_NUMBER_FORMAT</ROLLNAME>
     <ADMINFIELD>0</ADMINFIELD>
     <DATATYPE>STRU</DATATYPE>
     <MASK>  STRUS</MASK>
     <COMPTYPE>S</COMPTYPE>
    </DD03P>
    <DD03P>
     <TABNAME>ZEXCEL_S_CSTYLEX_COMPLETE</TABNAME>
     <FIELDNAME>PROTECTION</FIELDNAME>
     <POSITION>0092</POSITION>
     <ROLLNAME>ZEXCEL_S_CSTYLEX_PROTECTION</ROLLNAME>
     <ADMINFIELD>0</ADMINFIELD>
     <DATATYPE>STRU</DATATYPE>
     <MASK>  STRUS</MASK>
     <COMPTYPE>S</COMPTYPE>
    </DD03P>
   </DD03P_TABLE>
  </asx:values>
 </asx:abap>
</abapGit>
