﻿<?xml version="1.0" encoding="utf-8"?>
<abapGit version="v1.0.0" serializer="LCL_OBJECT_TABL" serializer_version="v1.0.0">
 <asx:abap xmlns:asx="http://www.sap.com/abapxml" version="1.0">
  <asx:values>
   <DD02V>
    <TABNAME>ZEXCEL_PANE</TABNAME>
    <TABCLASS>INTTAB</TABCLASS>
    <EXCLASS>1</EXCLASS>
   </DD02V>
   <DD03P_TABLE>
    <DD03P>
     <TABNAME>ZEXCEL_PANE</TABNAME>
     <FIELDNAME>YSPLIT</FIELDNAME>
     <POSITION>0001</POSITION>
     <ROLLNAME>ZEXCEL_CELL_ROW</ROLLNAME>
     <ADMINFIELD>0</ADMINFIELD>
     <COMPTYPE>E</COMPTYPE>
    </DD03P>
    <DD03P>
     <TABNAME>ZEXCEL_PANE</TABNAME>
     <FIELDNAME>XSPLIT</FIELDNAME>
     <POSITION>0002</POSITION>
     <ROLLNAME>ZEXCEL_CELL_ROW</ROLLNAME>
     <ADMINFIELD>0</ADMINFIELD>
     <COMPTYPE>E</COMPTYPE>
    </DD03P>
    <DD03P>
     <TABNAME>ZEXCEL_PANE</TABNAME>
     <FIELDNAME>TOPLEFTCELL</FIELDNAME>
     <POSITION>0003</POSITION>
     <ROLLNAME>ZEXCEL_CELL_COORDS</ROLLNAME>
     <ADMINFIELD>0</ADMINFIELD>
     <COMPTYPE>E</COMPTYPE>
    </DD03P>
    <DD03P>
     <TABNAME>ZEXCEL_PANE</TABNAME>
     <FIELDNAME>ACTIVEPANE</FIELDNAME>
     <POSITION>0004</POSITION>
     <ROLLNAME>ZEXCEL_PANE_TYPE</ROLLNAME>
     <ADMINFIELD>0</ADMINFIELD>
     <COMPTYPE>E</COMPTYPE>
    </DD03P>
    <DD03P>
     <TABNAME>ZEXCEL_PANE</TABNAME>
     <FIELDNAME>STATE</FIELDNAME>
     <POSITION>0005</POSITION>
     <ROLLNAME>ZEXCEL_PANE_STATE</ROLLNAME>
     <ADMINFIELD>0</ADMINFIELD>
     <COMPTYPE>E</COMPTYPE>
    </DD03P>
   </DD03P_TABLE>
  </asx:values>
 </asx:abap>
</abapGit>
