﻿<?xml version="1.0" encoding="utf-8"?>
<abapGit version="v1.0.0" serializer="LCL_OBJECT_TABL" serializer_version="v1.0.0">
 <asx:abap xmlns:asx="http://www.sap.com/abapxml" version="1.0">
  <asx:values>
   <DD02V>
    <TABNAME>ZEXCEL_DRAWING_LOCATION</TABNAME>
    <TABCLASS>INTTAB</TABCLASS>
    <EXCLASS>3</EXCLASS>
   </DD02V>
   <DD03P_TABLE>
    <DD03P>
     <TABNAME>ZEXCEL_DRAWING_LOCATION</TABNAME>
     <FIELDNAME>COL</FIELDNAME>
     <POSITION>0001</POSITION>
     <ROLLNAME>INT4</ROLLNAME>
     <ADMINFIELD>0</ADMINFIELD>
     <COMPTYPE>E</COMPTYPE>
    </DD03P>
    <DD03P>
     <TABNAME>ZEXCEL_DRAWING_LOCATION</TABNAME>
     <FIELDNAME>COL_OFFSET</FIELDNAME>
     <POSITION>0002</POSITION>
     <ROLLNAME>INT4</ROLLNAME>
     <ADMINFIELD>0</ADMINFIELD>
     <COMPTYPE>E</COMPTYPE>
    </DD03P>
    <DD03P>
     <TABNAME>ZEXCEL_DRAWING_LOCATION</TABNAME>
     <FIELDNAME>ROW</FIELDNAME>
     <POSITION>0003</POSITION>
     <ROLLNAME>INT4</ROLLNAME>
     <ADMINFIELD>0</ADMINFIELD>
     <COMPTYPE>E</COMPTYPE>
    </DD03P>
    <DD03P>
     <TABNAME>ZEXCEL_DRAWING_LOCATION</TABNAME>
     <FIELDNAME>ROW_OFFSET</FIELDNAME>
     <POSITION>0004</POSITION>
     <ROLLNAME>INT4</ROLLNAME>
     <ADMINFIELD>0</ADMINFIELD>
     <COMPTYPE>E</COMPTYPE>
    </DD03P>
   </DD03P_TABLE>
  </asx:values>
 </asx:abap>
</abapGit>
