﻿<?xml version="1.0" encoding="utf-8"?>
<abapGit version="v1.0.0" serializer="LCL_OBJECT_TTYP" serializer_version="v1.0.0">
 <asx:abap xmlns:asx="http://www.sap.com/abapxml" version="1.0">
  <asx:values>
   <DD40V>
    <TYPENAME>ZEXCEL_T_STYLE_FONT</TYPENAME>
    <ROWTYPE>ZEXCEL_S_STYLE_FONT</ROWTYPE>
    <ROWKIND>S</ROWKIND>
    <DATATYPE>STRU</DATATYPE>
    <ACCESSMODE>T</ACCESSMODE>
    <KEYDEF>K</KEYDEF>
    <KEYKIND>N</KEYKIND>
    <KEYFDCOUNT>0010</KEYFDCOUNT>
   </DD40V>
   <DD42V>
    <DD42V>
     <TYPENAME>ZEXCEL_T_STYLE_FONT</TYPENAME>
     <KEYFDPOS>0001</KEYFDPOS>
     <ROWTYPEPOS>0001</ROWTYPEPOS>
     <KEYFIELD>BOLD</KEYFIELD>
    </DD42V>
    <DD42V>
     <TYPENAME>ZEXCEL_T_STYLE_FONT</TYPENAME>
     <KEYFDPOS>0002</KEYFDPOS>
     <ROWTYPEPOS>0002</ROWTYPEPOS>
     <KEYFIELD>ITALIC</KEYFIELD>
    </DD42V>
    <DD42V>
     <TYPENAME>ZEXCEL_T_STYLE_FONT</TYPENAME>
     <KEYFDPOS>0003</KEYFDPOS>
     <ROWTYPEPOS>0003</ROWTYPEPOS>
     <KEYFIELD>UNDERLINE</KEYFIELD>
    </DD42V>
    <DD42V>
     <TYPENAME>ZEXCEL_T_STYLE_FONT</TYPENAME>
     <KEYFDPOS>0004</KEYFDPOS>
     <ROWTYPEPOS>0004</ROWTYPEPOS>
     <KEYFIELD>UNDERLINE_MODE</KEYFIELD>
    </DD42V>
    <DD42V>
     <TYPENAME>ZEXCEL_T_STYLE_FONT</TYPENAME>
     <KEYFDPOS>0005</KEYFDPOS>
     <ROWTYPEPOS>0005</ROWTYPEPOS>
     <KEYFIELD>STRIKETHROUGH</KEYFIELD>
    </DD42V>
    <DD42V>
     <TYPENAME>ZEXCEL_T_STYLE_FONT</TYPENAME>
     <KEYFDPOS>0006</KEYFDPOS>
     <ROWTYPEPOS>0006</ROWTYPEPOS>
     <KEYFIELD>SIZE</KEYFIELD>
    </DD42V>
    <DD42V>
     <TYPENAME>ZEXCEL_T_STYLE_FONT</TYPENAME>
     <KEYFDPOS>0007</KEYFDPOS>
     <ROWTYPEPOS>0007</ROWTYPEPOS>
     <KEYFIELD>COLOR</KEYFIELD>
    </DD42V>
    <DD42V>
     <TYPENAME>ZEXCEL_T_STYLE_FONT</TYPENAME>
     <KEYFDPOS>0008</KEYFDPOS>
     <ROWTYPEPOS>0012</ROWTYPEPOS>
     <KEYFIELD>NAME</KEYFIELD>
    </DD42V>
    <DD42V>
     <TYPENAME>ZEXCEL_T_STYLE_FONT</TYPENAME>
     <KEYFDPOS>0009</KEYFDPOS>
     <ROWTYPEPOS>0013</ROWTYPEPOS>
     <KEYFIELD>FAMILY</KEYFIELD>
    </DD42V>
    <DD42V>
     <TYPENAME>ZEXCEL_T_STYLE_FONT</TYPENAME>
     <KEYFDPOS>0010</KEYFDPOS>
     <ROWTYPEPOS>0014</ROWTYPEPOS>
     <KEYFIELD>SCHEME</KEYFIELD>
    </DD42V>
   </DD42V>
  </asx:values>
 </asx:abap>
</abapGit>
