﻿<?xml version="1.0" encoding="utf-8"?>
<abapGit version="v1.0.0" serializer="LCL_OBJECT_TTYP" serializer_version="v1.0.0">
 <asx:abap xmlns:asx="http://www.sap.com/abapxml" version="1.0">
  <asx:values>
   <DD40V>
    <TYPENAME>ZEXCEL_T_SHARED_STRING</TYPENAME>
    <ROWTYPE>ZEXCEL_S_SHARED_STRING</ROWTYPE>
    <ROWKIND>S</ROWKIND>
    <DATATYPE>STRU</DATATYPE>
    <ACCESSMODE>S</ACCESSMODE>
    <KEYDEF>K</KEYDEF>
    <KEYKIND>N</KEYKIND>
    <KEYFDCOUNT>0001</KEYFDCOUNT>
   </DD40V>
   <DD42V>
    <DD42V>
     <TYPENAME>ZEXCEL_T_SHARED_STRING</TYPENAME>
     <KEYFDPOS>0001</KEYFDPOS>
     <ROWTYPEPOS>0002</ROWTYPEPOS>
     <KEYFIELD>STRING_VALUE</KEYFIELD>
    </DD42V>
   </DD42V>
  </asx:values>
 </asx:abap>
</abapGit>
