﻿<?xml version="1.0" encoding="utf-8"?>
<abapGit version="v1.0.0" serializer="LCL_OBJECT_TABL" serializer_version="v1.0.0">
 <asx:abap xmlns:asx="http://www.sap.com/abapxml" version="1.0">
  <asx:values>
   <DD02V>
    <TABNAME>ZEXCEL_CONDITIONAL_CELLIS</TABNAME>
    <TABCLASS>INTTAB</TABCLASS>
    <EXCLASS>1</EXCLASS>
   </DD02V>
   <DD03P_TABLE>
    <DD03P>
     <TABNAME>ZEXCEL_CONDITIONAL_CELLIS</TABNAME>
     <FIELDNAME>FORMULA</FIELDNAME>
     <POSITION>0001</POSITION>
     <ROLLNAME>ZEXCEL_STYLE_FORMULA</ROLLNAME>
     <ADMINFIELD>0</ADMINFIELD>
     <COMPTYPE>E</COMPTYPE>
    </DD03P>
    <DD03P>
     <TABNAME>ZEXCEL_CONDITIONAL_CELLIS</TABNAME>
     <FIELDNAME>FORMULA2</FIELDNAME>
     <POSITION>0002</POSITION>
     <ROLLNAME>ZEXCEL_STYLE_FORMULA</ROLLNAME>
     <ADMINFIELD>0</ADMINFIELD>
     <COMPTYPE>E</COMPTYPE>
    </DD03P>
    <DD03P>
     <TABNAME>ZEXCEL_CONDITIONAL_CELLIS</TABNAME>
     <FIELDNAME>OPERATOR</FIELDNAME>
     <POSITION>0003</POSITION>
     <ROLLNAME>ZEXCEL_CONDITION_OPERATOR</ROLLNAME>
     <ADMINFIELD>0</ADMINFIELD>
     <COMPTYPE>E</COMPTYPE>
    </DD03P>
    <DD03P>
     <TABNAME>ZEXCEL_CONDITIONAL_CELLIS</TABNAME>
     <FIELDNAME>CELL_STYLE</FIELDNAME>
     <POSITION>0004</POSITION>
     <ROLLNAME>ZEXCEL_CELL_STYLE</ROLLNAME>
     <ADMINFIELD>0</ADMINFIELD>
     <COMPTYPE>E</COMPTYPE>
    </DD03P>
   </DD03P_TABLE>
  </asx:values>
 </asx:abap>
</abapGit>
