﻿<?xml version="1.0" encoding="utf-8"?>
<abapGit version="v1.0.0" serializer="LCL_OBJECT_INTF" serializer_version="v1.0.0">
 <asx:abap xmlns:asx="http://www.sap.com/abapxml" version="1.0">
  <asx:values>
   <VSEOINTERF>
    <CLSNAME>ZIF_EXCEL_SHEET_PRINTSETTINGS</CLSNAME>
    <LANGU>E</LANGU>
    <DESCRIPT>Sheet printsettings</DESCRIPT>
    <EXPOSURE>2</EXPOSURE>
    <STATE>1</STATE>
    <UNICODE>X</UNICODE>
   </VSEOINTERF>
   <DESCRIPTIONS>
    <SEOCOMPOTX>
     <CLSNAME>ZIF_EXCEL_SHEET_PRINTSETTINGS</CLSNAME>
     <CMPNAME>CLEAR_PRINT_REPEAT_COLUMNS</CMPNAME>
     <LANGU>E</LANGU>
     <DESCRIPT>Clear repeat columns</DESCRIPT>
    </SEOCOMPOTX>
    <SEOCOMPOTX>
     <CLSNAME>ZIF_EXCEL_SHEET_PRINTSETTINGS</CLSNAME>
     <CMPNAME>CLEAR_PRINT_REPEAT_ROWS</CMPNAME>
     <LANGU>E</LANGU>
     <DESCRIPT>Clear repeat rows</DESCRIPT>
    </SEOCOMPOTX>
    <SEOCOMPOTX>
     <CLSNAME>ZIF_EXCEL_SHEET_PRINTSETTINGS</CLSNAME>
     <CMPNAME>GCV_PRINT_TITLE_NAME</CMPNAME>
     <LANGU>E</LANGU>
     <DESCRIPT>Predefined name for repeat rows/cols range</DESCRIPT>
    </SEOCOMPOTX>
    <SEOCOMPOTX>
     <CLSNAME>ZIF_EXCEL_SHEET_PRINTSETTINGS</CLSNAME>
     <CMPNAME>GET_PRINT_REPEAT_COLUMNS</CMPNAME>
     <LANGU>E</LANGU>
     <DESCRIPT>Get repeat columns</DESCRIPT>
    </SEOCOMPOTX>
    <SEOCOMPOTX>
     <CLSNAME>ZIF_EXCEL_SHEET_PRINTSETTINGS</CLSNAME>
     <CMPNAME>GET_PRINT_REPEAT_ROWS</CMPNAME>
     <LANGU>E</LANGU>
     <DESCRIPT>Get repeat rows</DESCRIPT>
    </SEOCOMPOTX>
    <SEOCOMPOTX>
     <CLSNAME>ZIF_EXCEL_SHEET_PRINTSETTINGS</CLSNAME>
     <CMPNAME>SET_PRINT_REPEAT_COLUMNS</CMPNAME>
     <LANGU>E</LANGU>
     <DESCRIPT>Set repeat columns</DESCRIPT>
    </SEOCOMPOTX>
    <SEOCOMPOTX>
     <CLSNAME>ZIF_EXCEL_SHEET_PRINTSETTINGS</CLSNAME>
     <CMPNAME>SET_PRINT_REPEAT_ROWS</CMPNAME>
     <LANGU>E</LANGU>
     <DESCRIPT>Set repeat rows</DESCRIPT>
    </SEOCOMPOTX>
   </DESCRIPTIONS>
  </asx:values>
 </asx:abap>
</abapGit>
