﻿<?xml version="1.0" encoding="utf-8"?>
<abapGit version="v1.0.0" serializer="LCL_OBJECT_CLAS" serializer_version="v1.0.0">
 <asx:abap xmlns:asx="http://www.sap.com/abapxml" version="1.0">
  <asx:values>
   <VSEOCLASS>
    <CLSNAME>ZSAPLINK_TRANSFORMATION</CLSNAME>
    <LANGU>E</LANGU>
    <DESCRIPT>SAPlink - XSLT Plugin</DESCRIPT>
    <STATE>1</STATE>
    <CLSCCINCL>X</CLSCCINCL>
    <FIXPT>X</FIXPT>
    <UNICODE>X</UNICODE>
   </VSEOCLASS>
   <DESCRIPTIONS>
    <SEOCOMPOTX>
     <CLSNAME>ZSAPLINK_TRANSFORMATION</CLSNAME>
     <CMPNAME>C_OBJECT_TYPE</CMPNAME>
     <LANGU>E</LANGU>
     <DESCRIPT>XSLT Object Type</DESCRIPT>
    </SEOCOMPOTX>
    <SEOCOMPOTX>
     <CLSNAME>ZSAPLINK_TRANSFORMATION</CLSNAME>
     <CMPNAME>C_TAG_SOURCE</CMPNAME>
     <LANGU>E</LANGU>
     <DESCRIPT>XML Tag for Source</DESCRIPT>
    </SEOCOMPOTX>
    <SEOCOMPOTX>
     <CLSNAME>ZSAPLINK_TRANSFORMATION</CLSNAME>
     <CMPNAME>GET_XSLT</CMPNAME>
     <LANGU>E</LANGU>
     <DESCRIPT>Returns the requested XXSLT Transformation object</DESCRIPT>
    </SEOCOMPOTX>
    <SEOCOMPOTX>
     <CLSNAME>ZSAPLINK_TRANSFORMATION</CLSNAME>
     <CMPNAME>SAVE_XSLT</CMPNAME>
     <LANGU>E</LANGU>
     <DESCRIPT>Saves the XSLT Transformation</DESCRIPT>
    </SEOCOMPOTX>
    <SEOCOMPOTX>
     <CLSNAME>ZSAPLINK_TRANSFORMATION</CLSNAME>
     <CMPNAME>SET_XSLT_CHANGEABLE</CMPNAME>
     <LANGU>E</LANGU>
     <DESCRIPT>Sets the XSLT Transformation changeable</DESCRIPT>
    </SEOCOMPOTX>
    <SEOCOMPOTX>
     <CLSNAME>ZSAPLINK_TRANSFORMATION</CLSNAME>
     <CMPNAME>SET_XSLT_NAME</CMPNAME>
     <LANGU>E</LANGU>
     <DESCRIPT>Setzt XSLT Name</DESCRIPT>
    </SEOCOMPOTX>
    <SEOCOMPOTX>
     <CLSNAME>ZSAPLINK_TRANSFORMATION</CLSNAME>
     <CMPNAME>XSLT_NAME</CMPNAME>
     <LANGU>E</LANGU>
     <DESCRIPT>XSLT Name</DESCRIPT>
    </SEOCOMPOTX>
   </DESCRIPTIONS>
  </asx:values>
 </asx:abap>
</abapGit>
