﻿<?xml version="1.0" encoding="utf-8"?>
<abapGit version="v1.0.0" serializer="LCL_OBJECT_CLAS" serializer_version="v1.0.0">
 <asx:abap xmlns:asx="http://www.sap.com/abapxml" version="1.0">
  <asx:values>
   <VSEOCLASS>
    <CLSNAME>ZSAPLINK_WD_CHIP</CLSNAME>
    <LANGU>E</LANGU>
    <DESCRIPT>SAPlink - Web Dynpro ABAP CHIP</DESCRIPT>
    <STATE>1</STATE>
    <CLSCCINCL>X</CLSCCINCL>
    <FIXPT>X</FIXPT>
    <UNICODE>X</UNICODE>
   </VSEOCLASS>
   <DESCRIPTIONS>
    <SEOCOMPOTX>
     <CLSNAME>ZSAPLINK_WD_CHIP</CLSNAME>
     <CMPNAME>C_PARAM_NODE</CMPNAME>
     <LANGU>E</LANGU>
     <DESCRIPT>XML param node</DESCRIPT>
    </SEOCOMPOTX>
    <SEOCOMPOTX>
     <CLSNAME>ZSAPLINK_WD_CHIP</CLSNAME>
     <CMPNAME>C_PORT_NODE</CMPNAME>
     <LANGU>E</LANGU>
     <DESCRIPT>XML port node</DESCRIPT>
    </SEOCOMPOTX>
    <SEOCOMPOTX>
     <CLSNAME>ZSAPLINK_WD_CHIP</CLSNAME>
     <CMPNAME>C_TAG_NODE</CMPNAME>
     <LANGU>E</LANGU>
     <DESCRIPT>XML tag node</DESCRIPT>
    </SEOCOMPOTX>
   </DESCRIPTIONS>
  </asx:values>
 </asx:abap>
</abapGit>
