﻿<?xml version="1.0" encoding="utf-8"?>
<abapGit version="v1.0.0" serializer="LCL_OBJECT_CLAS" serializer_version="v1.0.0">
 <asx:abap xmlns:asx="http://www.sap.com/abapxml" version="1.0">
  <asx:values>
   <VSEOCLASS>
    <CLSNAME>ZSAPLINK_WF</CLSNAME>
    <LANGU>E</LANGU>
    <DESCRIPT>Generic SAPLING plugin for Workflow objects</DESCRIPT>
    <STATE>1</STATE>
    <CLSCCINCL>X</CLSCCINCL>
    <FIXPT>X</FIXPT>
    <UNICODE>X</UNICODE>
   </VSEOCLASS>
   <DESCRIPTIONS>
    <SEOCOMPOTX>
     <CLSNAME>ZSAPLINK_WF</CLSNAME>
     <CMPNAME>C_SWF_PERS_CLASS</CMPNAME>
     <LANGU>E</LANGU>
     <DESCRIPT>Reference type</DESCRIPT>
    </SEOCOMPOTX>
    <SEOCOMPOTX>
     <CLSNAME>ZSAPLINK_WF</CLSNAME>
     <CMPNAME>GET_OBJECT_DESCRIPTION</CMPNAME>
     <LANGU>E</LANGU>
     <DESCRIPT>Object description</DESCRIPT>
    </SEOCOMPOTX>
    <SEOCOMPOTX>
     <CLSNAME>ZSAPLINK_WF</CLSNAME>
     <CMPNAME>GET_OTYPE</CMPNAME>
     <LANGU>E</LANGU>
     <DESCRIPT>get OTYPE for particular HRS object</DESCRIPT>
    </SEOCOMPOTX>
    <SEOCOMPOTX>
     <CLSNAME>ZSAPLINK_WF</CLSNAME>
     <CMPNAME>GO_CONTAINER</CMPNAME>
     <LANGU>E</LANGU>
     <DESCRIPT>Container - Implementation of a &apos;Collection&apos;</DESCRIPT>
    </SEOCOMPOTX>
    <SEOCOMPOTX>
     <CLSNAME>ZSAPLINK_WF</CLSNAME>
     <CMPNAME>GS_OBJECT</CMPNAME>
     <LANGU>E</LANGU>
     <DESCRIPT>Index for Standard Objects</DESCRIPT>
    </SEOCOMPOTX>
   </DESCRIPTIONS>
  </asx:values>
 </asx:abap>
</abapGit>
