﻿<?xml version="1.0" encoding="utf-8"?>
<abapGit version="v1.0.0" serializer="LCL_OBJECT_CLAS" serializer_version="v1.0.0">
 <asx:abap xmlns:asx="http://www.sap.com/abapxml" version="1.0">
  <asx:values>
   <VSEOCLASS>
    <CLSNAME>ZSAPLINK_WF_ACTOR_RULE</CLSNAME>
    <LANGU>E</LANGU>
    <DESCRIPT>SAPLINK Agent determination rule plugin</DESCRIPT>
    <STATE>1</STATE>
    <CLSCCINCL>X</CLSCCINCL>
    <FIXPT>X</FIXPT>
    <UNICODE>X</UNICODE>
   </VSEOCLASS>
   <I18N_TPOOL>
    <item>
     <LANGUAGE>E</LANGUAGE>
     <TEXTPOOL>
      <item>
       <ID>I</ID>
       <KEY>001</KEY>
       <ENTRY>rule_attributes</ENTRY>
       <LENGTH>15</LENGTH>
      </item>
      <item>
       <ID>I</ID>
       <KEY>002</KEY>
       <ENTRY>rule_container</ENTRY>
       <LENGTH>14</LENGTH>
      </item>
     </TEXTPOOL>
    </item>
   </I18N_TPOOL>
   <I18N_LINES>
    <item>
     <LANGUAGE>E</LANGUAGE>
    </item>
   </I18N_LINES>
  </asx:values>
 </asx:abap>
</abapGit>
